{"stat.flyOneCm":56452,"stat.walkOneCm":98085,"stat.jump":262,"stat.swimOneCm":601,"stat.playOneMinute":17828,"stat.fallOneCm":6620,"stat.climbOneCm":1506,"achievement.openInventory":1,"stat.leaveGame":1,"stat.damageDealt":245,"stat.timeSinceDeath":17828,"stat.useItem.minecraft.carrot":5,"stat.useItem.minecraft.dirt":3,"stat.killEntity.Cow":2,"stat.sprintOneCm":37035,"stat.mineBlock.minecraft.dirt":3,"stat.mobKills":2,"achievement.exploreAllBiomes":{"value":0,"progress":["River","Plains"]},"stat.mineBlock.minecraft.tallgrass":4,"stat.talkedToVillager":1,"stat.diveOneCm":1146}