{"stat.flyOneCm":44796,"stat.walkOneCm":91819,"stat.jump":225,"stat.swimOneCm":601,"stat.playOneMinute":17115,"stat.fallOneCm":5565,"stat.climbOneCm":1506,"achievement.openInventory":1,"stat.damageDealt":245,"stat.timeSinceDeath":17115,"stat.useItem.minecraft.carrot":5,"stat.useItem.minecraft.dirt":3,"stat.killEntity.Cow":2,"stat.sprintOneCm":33603,"stat.mineBlock.minecraft.dirt":3,"stat.mobKills":2,"achievement.exploreAllBiomes":{"value":0,"progress":["River","Plains"]},"stat.mineBlock.minecraft.tallgrass":4,"stat.talkedToVillager":1,"stat.diveOneCm":1146}